entity_id	business_name	business_address	country
S1-00001	Home Depot	2455 Paces Ferry Rd NW, Atlanta, GA 30339	US
S1-00002	Kroger Supermarket	1014 Vine St, Cincinnati, OH 45202	US
S1-00003	Costco Wholesale	999 Lake Dr, Issaquah, WA 98027	US
S1-00004	Home Depot	2455 Paces Ferry Rd NW, Atlanta, GA 30339	US
S1-00005	Home Depot	2455 Paces Ferry Rd NW, Atlanta, GA 30339	US
S1-00006	Aggarwal Sweets and Snacks	Plot 5, Sector 15 Market, Faridabad, Haryana 121007	India
S1-00007	Reliance Retail Mart	Near City Center Mall, MG Road, Pune, Maharashtra 411001	India
S1-00008	Infosys Technologies Ltd	Plot No. 44, Electronics City, Hosur Road, Bangalore, Karnataka 560100	India
S1-00009	Infosys Technologies Ltd	Plot No. 44, Electronics City, Hosur Road, Bangalore, Karnataka 560100	India
S1-00010	Kroger Supermarket	1014 Vine St, Cincinnati, OH 45202	US
S1-00011	Tata Consultancy Services	Nirmal Building, 9th Floor, Nariman Point, Mumbai, Maharashtra 400021	India
S1-00012	HDFC Bank Branch	HDFC Bank House, Senapati Bapat Marg, Lower Parel, Mumbai 400013	India
S1-00013	Costco Wholesale	999 Lake Dr, Issaquah, WA 98027	US
S1-00014	Apollo Pharmacy	Opposite Metro Pillar 45, Indiranagar 100ft Road, Bangalore 560038	India
S1-00015	HDFC Bank Branch	HDFC Bank House, Senapati Bapat Marg, Lower Parel, Mumbai 400013	India
S1-00016	Apollo Pharmacy	Opposite Metro Pillar 45, Indiranagar 100ft Road, Bangalore 560038	India
S1-00017	Aggarwal Sweets and Snacks	Plot 5, Sector 15 Market, Faridabad, Haryana 121007	India
S1-00018	Sharma Sweet House	Shop No. 12, Main Bazaar, Chandni Chowk, Delhi 110006	India
S1-00019	Starbucks Coffee	2401 Utah Ave S, Seattle, WA 98134	US
S1-00020	Starbucks Coffee	2401 Utah Ave S, Seattle, WA 98134	US
S1-00021	State Bank of India	State Bank Bhavan, Madame Cama Road, Nariman Point, Mumbai 400021	India
S1-00022	Home Depot	2455 Paces Ferry Rd NW, Atlanta, GA 30339	US
S1-00023	Tata Consultancy Services	Nirmal Building, 9th Floor, Nariman Point, Mumbai, Maharashtra 400021	India
S1-00024	HDFC Bank Branch	HDFC Bank House, Senapati Bapat Marg, Lower Parel, Mumbai 400013	India
S1-00025	HDFC Bank Branch	HDFC Bank House, Senapati Bapat Marg, Lower Parel, Mumbai 400013	India
S1-00026	Apollo Pharmacy	Opposite Metro Pillar 45, Indiranagar 100ft Road, Bangalore 560038	India
S1-00027	Starbucks Coffee	2401 Utah Ave S, Seattle, WA 98134	US
S1-00028	Apex Tech Solutions	1600 Amphitheatre Pkwy, Mountain View, CA 94043	US
S1-00029	HDFC Bank Branch	HDFC Bank House, Senapati Bapat Marg, Lower Parel, Mumbai 400013	India
S1-00030	Target Store	1000 Nicollet Mall, Minneapolis, MN 55403	US
S1-00031	Aggarwal Sweets and Snacks	Plot 5, Sector 15 Market, Faridabad, Haryana 121007	India
S1-00032	Chevron Gas Station	6001 Bollinger Canyon Rd, San Ramon, CA 94583	US
S1-00033	Walgreens Pharmacy	108 Wilmot Rd, Deerfield, IL 60015	US
S1-00034	State Bank of India	State Bank Bhavan, Madame Cama Road, Nariman Point, Mumbai 400021	India
S1-00035	Target Store	1000 Nicollet Mall, Minneapolis, MN 55403	US
S1-00036	Infosys Technologies Ltd	Plot No. 44, Electronics City, Hosur Road, Bangalore, Karnataka 560100	India
S1-00037	Home Depot	2455 Paces Ferry Rd NW, Atlanta, GA 30339	US
S1-00038	Apex Tech Solutions	1600 Amphitheatre Pkwy, Mountain View, CA 94043	US
S1-00039	Walgreens Pharmacy	108 Wilmot Rd, Deerfield, IL 60015	US
S1-00040	Tata Consultancy Services	Nirmal Building, 9th Floor, Nariman Point, Mumbai, Maharashtra 400021	India
S1-00041	Tata Consultancy Services	Nirmal Building, 9th Floor, Nariman Point, Mumbai, Maharashtra 400021	India
S1-00042	Tata Consultancy Services	Nirmal Building, 9th Floor, Nariman Point, Mumbai, Maharashtra 400021	India
S1-00043	Reliance Retail Mart	Near City Center Mall, MG Road, Pune, Maharashtra 411001	India
S1-00044	Walgreens Pharmacy	108 Wilmot Rd, Deerfield, IL 60015	US
S1-00045	Reliance Retail Mart	Near City Center Mall, MG Road, Pune, Maharashtra 411001	India
S1-00046	CVS Pharmacy	One CVS Dr, Woonsocket, RI 02895	US
S1-00047	Apollo Pharmacy	Opposite Metro Pillar 45, Indiranagar 100ft Road, Bangalore 560038	India
S1-00048	Wipro Limited	Doddakannelli, Sarjapur Road, Bangalore, Karnataka 560035	India
S1-00049	Walgreens Pharmacy	108 Wilmot Rd, Deerfield, IL 60015	US
S1-00050	State Bank of India	State Bank Bhavan, Madame Cama Road, Nariman Point, Mumbai 400021	India
S1-00051	HDFC Bank Branch	HDFC Bank House, Senapati Bapat Marg, Lower Parel, Mumbai 400013	India
S1-00052	Walmart Supercenter	702 SW 8th St, Bentonville, AR 72716	US
S1-00053	Apex Tech Solutions	1600 Amphitheatre Pkwy, Mountain View, CA 94043	US
S1-00054	Costco Wholesale	999 Lake Dr, Issaquah, WA 98027	US
S1-00055	Starbucks Coffee	2401 Utah Ave S, Seattle, WA 98134	US
S1-00056	Tata Consultancy Services	Nirmal Building, 9th Floor, Nariman Point, Mumbai, Maharashtra 400021	India
S1-00057	Tata Consultancy Services	Nirmal Building, 9th Floor, Nariman Point, Mumbai, Maharashtra 400021	India
S1-00058	Reliance Retail Mart	Near City Center Mall, MG Road, Pune, Maharashtra 411001	India
S1-00059	State Bank of India	State Bank Bhavan, Madame Cama Road, Nariman Point, Mumbai 400021	India
S1-00060	Target Store	1000 Nicollet Mall, Minneapolis, MN 55403	US
S1-00061	Walgreens Pharmacy	108 Wilmot Rd, Deerfield, IL 60015	US
S1-00062	Chevron Gas Station	6001 Bollinger Canyon Rd, San Ramon, CA 94583	US
S1-00063	Walmart Supercenter	702 SW 8th St, Bentonville, AR 72716	US
S1-00064	Home Depot	2455 Paces Ferry Rd NW, Atlanta, GA 30339	US
S1-00065	Infosys Technologies Ltd	Plot No. 44, Electronics City, Hosur Road, Bangalore, Karnataka 560100	India
S1-00066	Tata Consultancy Services	Nirmal Building, 9th Floor, Nariman Point, Mumbai, Maharashtra 400021	India
S1-00067	State Bank of India	State Bank Bhavan, Madame Cama Road, Nariman Point, Mumbai 400021	India
S1-00068	Kroger Supermarket	1014 Vine St, Cincinnati, OH 45202	US
S1-00069	Wipro Limited	Doddakannelli, Sarjapur Road, Bangalore, Karnataka 560035	India
S1-00070	Target Store	1000 Nicollet Mall, Minneapolis, MN 55403	US
S1-00071	State Bank of India	State Bank Bhavan, Madame Cama Road, Nariman Point, Mumbai 400021	India
S1-00072	Chevron Gas Station	6001 Bollinger Canyon Rd, San Ramon, CA 94583	US
S1-00073	Home Depot	2455 Paces Ferry Rd NW, Atlanta, GA 30339	US
S1-00074	Sharma Sweet House	Shop No. 12, Main Bazaar, Chandni Chowk, Delhi 110006	India
S1-00075	Walmart Supercenter	702 SW 8th St, Bentonville, AR 72716	US
S1-00076	Reliance Retail Mart	Near City Center Mall, MG Road, Pune, Maharashtra 411001	India
S1-00077	Apollo Pharmacy	Opposite Metro Pillar 45, Indiranagar 100ft Road, Bangalore 560038	India
S1-00078	State Bank of India	State Bank Bhavan, Madame Cama Road, Nariman Point, Mumbai 400021	India
S1-00079	Aggarwal Sweets and Snacks	Plot 5, Sector 15 Market, Faridabad, Haryana 121007	India
S1-00080	Home Depot	2455 Paces Ferry Rd NW, Atlanta, GA 30339	US
S1-00081	Aggarwal Sweets and Snacks	Plot 5, Sector 15 Market, Faridabad, Haryana 121007	India
S1-00082	Walgreens Pharmacy	108 Wilmot Rd, Deerfield, IL 60015	US
S1-00083	Larsen and Toubro Infotech	L&T House, Ballard Estate, Mumbai 400001	India
S1-00084	State Bank of India	State Bank Bhavan, Madame Cama Road, Nariman Point, Mumbai 400021	India
S1-00085	Kroger Supermarket	1014 Vine St, Cincinnati, OH 45202	US
S1-00086	State Bank of India	State Bank Bhavan, Madame Cama Road, Nariman Point, Mumbai 400021	India
S1-00087	Reliance Retail Mart	Near City Center Mall, MG Road, Pune, Maharashtra 411001	India
S1-00088	Home Depot	2455 Paces Ferry Rd NW, Atlanta, GA 30339	US
S1-00089	Aggarwal Sweets and Snacks	Plot 5, Sector 15 Market, Faridabad, Haryana 121007	India
S1-00090	Costco Wholesale	999 Lake Dr, Issaquah, WA 98027	US
S1-00091	Wipro Limited	Doddakannelli, Sarjapur Road, Bangalore, Karnataka 560035	India
S1-00092	Reliance Retail Mart	Near City Center Mall, MG Road, Pune, Maharashtra 411001	India
S1-00093	State Bank of India	State Bank Bhavan, Madame Cama Road, Nariman Point, Mumbai 400021	India
S1-00094	Wipro Limited	Doddakannelli, Sarjapur Road, Bangalore, Karnataka 560035	India
S1-00095	Kroger Supermarket	1014 Vine St, Cincinnati, OH 45202	US
S1-00096	Reliance Retail Mart	Near City Center Mall, MG Road, Pune, Maharashtra 411001	India
S1-00097	Walmart Supercenter	702 SW 8th St, Bentonville, AR 72716	US
S1-00098	Starbucks Coffee	2401 Utah Ave S, Seattle, WA 98134	US
S1-00099	Infosys Technologies Ltd	Plot No. 44, Electronics City, Hosur Road, Bangalore, Karnataka 560100	India
S1-00100	Larsen and Toubro Infotech	L&T House, Ballard Estate, Mumbai 400001	India
